text,intent
"what is 54 divided by 2",ARITHMETIC
"844 divided with 4",ARITHMETIC
"what is 120 divided by 5",ARITHMETIC
"divide 999 by 3",ARITHMETIC
"what's 45 divided by 9",ARITHMETIC
"split 1000 by 25",ARITHMETIC
"what is 7 divided by 0.5",ARITHMETIC
"how much is 1234 divided by 2",ARITHMETIC
"what is 100 divided by 16",ARITHMETIC
"divide 360 by 12",ARITHMETIC
"what's 81 divided by 9",ARITHMETIC
"how much is 10000 divided by 250",ARITHMETIC
"what is 0 divided by 5",ARITHMETIC
"divide 7 by 2",ARITHMETIC
"what is 2 divided by 0.25",ARITHMETIC
"how much is 9999 divided by 9",ARITHMETIC
"what is 14 divided by 7",ARITHMETIC
"divide 48 by 6",ARITHMETIC
"what is 36 divided by 6",ARITHMETIC
"divide 250 by 5",ARITHMETIC
"what is 27 divided by 3",ARITHMETIC
"how much is 720 divided by 8",ARITHMETIC
"what is 54 divided by 2",ARITHMETIC
"calculate 144 divided by 12",ARITHMETIC
"what is 12 times 7",ARITHMETIC
"what is 9 multiplied by 8",ARITHMETIC
"what is 100 minus 44",ARITHMETIC
"what is 55 plus 19",ARITHMETIC
"solve 88 / 4",ARITHMETIC
"what is 5 * 11",ARITHMETIC
"can you divide 300 by 25",ARITHMETIC
"what is 15% of 200",ARITHMETIC
"calculate 2 to the power of 5",ARITHMETIC
"what is 9 squared",ARITHMETIC
"what is 3 cubed",ARITHMETIC
"what is 0.5 times 0.5",ARITHMETIC
"what is 0.2 + 0.3",ARITHMETIC
"what is 1000 minus 1",ARITHMETIC
"what is 7 * 14",ARITHMETIC
"what is 81 / 9",ARITHMETIC
"what is 6 times 12",ARITHMETIC
"what is 120 divided with 6",ARITHMETIC
"can you solve 44 + 33",ARITHMETIC
"how much is 99 minus 11",ARITHMETIC
"what is 18% of 50",ARITHMETIC
"calculate 400 / 8",ARITHMETIC
"what is 3.5 + 2.5",ARITHMETIC
"what is 10 * 10",ARITHMETIC
"what is 144 / 6",ARITHMETIC
"what is 2 + 2",ARITHMETIC
"solve 45 * 3",ARITHMETIC
"12 time 100",ARITHMETIC
"12 tims 100",ARITHMETIC
"12 x 100",ARITHMETIC
"12 multiply 100",ARITHMETIC
"12 multiplied 100",ARITHMETIC
"12 times 100",ARITHMETIC
"Solve the system of equations 3x + 2y = 7 and x − y = 4",ARITHMETIC
"Find the determinant of the matrix [[2,3],[1,4]]",ARITHMETIC
"What is the inverse of the matrix [[1,2],[3,4]]?",ARITHMETIC
"Compute the eigenvalues of the matrix [[5,2],[2,1]]",ARITHMETIC
"Find the rank of the matrix [[1,2,3],[4,5,6]]",ARITHMETIC
"Is the matrix [[1,2],[2,4]] singular?",ARITHMETIC
"Diagonalise the matrix [[4,1],[1,4]]",ARITHMETIC
"Compute the dot product of vectors (3,4) and (2,1)",ARITHMETIC
"Find the cross product of (1,2,3) and (4,5,6)",ARITHMETIC
"Find the cross product of (1,2,3) and (4,5,6)",ARITHMETIC
"What is sin(45°)?",ARITHMETIC
"Compute tan(π/3)",ARITHMETIC
"Solve the equation sin(x) = 1/2",ARITHMETIC
"What is the identity for sin(a+b)?",ARITHMETIC
"Convert 120 degrees to radians",ARITHMETIC
"Find the exact value of cos(π/6)",ARITHMETIC
"Simplify sin²x + cos²x",ARITHMETIC
"Differentiate x^3 + 5x",ARITHMETIC
"Find the derivative of sin(x)cos(x)",ARITHMETIC
"Compute the integral of 1/x dx",ARITHMETIC
"What is the integral of e^(2x)?",ARITHMETIC
"Find the limit as x→0 of sin(x)/x",ARITHMETIC
"Solve the differential equation dy/dx = 3y",ARITHMETIC
"What is the second derivative of x^4?",ARITHMETIC
"Compute (3 + 4i) + (1 − 2i)",ARITHMETIC
"Multiply (2 + 3i)(4 − i)",ARITHMETIC
"Find the magnitude of 5 − 12i",ARITHMETIC
"Convert 3 + 3i to polar form",ARITHMETIC
"Find the gradient of f(x,y)=x²+y²",ARITHMETIC
"Compute the divergence of F = (x, y, z)",ARITHMETIC
"Find the curl of F = (yz, xz, xy)",ARITHMETIC
"ask me a math question",ASK_QUESTION
"can you ask me a math question",ASK_QUESTION
"give me a math question",ASK_QUESTION
"quiz me",ASK_QUESTION
"test me with a math problem",ASK_QUESTION
"ask me something",ASK_QUESTION
"give me another question",ASK_QUESTION
"next question",ASK_QUESTION
"another one",ASK_QUESTION
"ask again",ASK_QUESTION
"give me a new problem",ASK_QUESTION
"ask me a harder one",ASK_QUESTION
"ask me something else",ASK_QUESTION
"give me a different question",ASK_QUESTION
"ask me a simple math question",ASK_QUESTION
"ask me a question",ASK_QUESTION
"ask me a math question",ASK_QUESTION
"give me a math question",ASK_QUESTION
"quiz me",ASK_QUESTION
"test me",ASK_QUESTION
"give me another question",ASK_QUESTION
"next question",ASK_QUESTION
"another one",ASK_QUESTION
"ask again",ASK_QUESTION
"ask me something",ASK_QUESTION
"give me a problem",ASK_QUESTION
"give me a new problem",ASK_QUESTION
"ask me a harder one",ASK_QUESTION
"can you break it down",BREAKDOWN
"please explain step by step",BREAKDOWN
"could you break that down for me",BREAKDOWN
"give me a breakdown of the calculation",BREAKDOWN
"explain the math please",BREAKDOWN
"walk me through the steps",BREAKDOWN
"i want a step by step explanation",BREAKDOWN
"can you show the breakdown",BREAKDOWN
"please break down the numbers",BREAKDOWN
"break it down by year",BREAKDOWN
"i need the breakdown by step",BREAKDOWN
"can you break down the formula",BREAKDOWN
"show me the calculation steps",BREAKDOWN
"please give a breakdown of each step",BREAKDOWN
"i want the math broken down",BREAKDOWN
"can you break down the interest calculation",BREAKDOWN
"break down the steps and show numbers",BREAKDOWN
"please break down the return calculation",BREAKDOWN
"i need the breakdown of interest and principal",BREAKDOWN
"can you break down the percentages",BREAKDOWN
"show breakdown by component",BREAKDOWN
"break it down",BREAKDOWN
"show steps",BREAKDOWN
"explain it",BREAKDOWN
"explain the steps",BREAKDOWN
"explain this",BREAKDOWN
"explain how you got that",BREAKDOWN
"how did you calculate that",BREAKDOWN
"show me how",BREAKDOWN
"more clearly",BREAKDOWN
"clarify this",BREAKDOWN
"can you explain",BREAKDOWN
"give me the breakdown",BREAKDOWN
"show the calculation",BREAKDOWN
"walk me through it",BREAKDOWN
"step by step please",BREAKDOWN
"explain again",BREAKDOWN
"breakdown again",BREAKDOWN
"can you detail it",BREAKDOWN
"show me the details",BREAKDOWN
"explain more",BREAKDOWN
"interesting",CHITCHAT
"cool",CHITCHAT
"nice",CHITCHAT
"okay",CHITCHAT
"alright",CHITCHAT
"go on",CHITCHAT
"tell me more",CHITCHAT
"what else",CHITCHAT
"hm",CHITCHAT
"who are you",CHITCHAT
"what are you",CHITCHAT
"tell me about yourself",CHITCHAT
"hi",GREETING
"hello",GREETING
"hey",GREETING
"hi there",GREETING
"good morning",GREETING
"good afternoon",GREETING
"how are you",GREETING
"how's it going",GREETING
"yo",GREETING
"hey buddy",GREETING
"hi",GREETING
"hello",GREETING
"hey",GREETING
"heyy",GREETING
"heyyy",GREETING
"yoo",GREETING
"yo",GREETING
"yooo",GREETING
"hey there",GREETING
"hi there",GREETING
"hiya",GREETING
"greetings",GREETING
"good morning",GREETING
"good afternoon",GREETING
"good evening",GREETING
"whats up",GREETING
"what's up",GREETING
"sup",GREETING
"howdy",GREETING
"how are you",GREETING
"how are you doing",GREETING
"how’s it going",GREETING
"how r u",GREETING
"how u doing",GREETING
"yo man",GREETING
"hey mate",GREETING
"hey bro",GREETING
"hey friend",GREETING
"hello friend",GREETING
"greetings",GREETING
"greetings friend",GREETING
"hey",GREETING
"heyy",GREETING
"heyyy",GREETING
"yoo",GREETING
"yo",GREETING
"yooo",GREETING
"hiya",GREETING
"heya",GREETING
"hey there",GREETING
"hello there",GREETING
"hi friend",GREETING
"hey friend",GREETING
"sup",GREETING
"whats up",GREETING
"what's up",GREETING
"wassup",GREETING
"howdy",GREETING
"greetings",GREETING
"good evening",GREETING
"how are you doing",GREETING
"how’s it going",GREETING
"how r u",GREETING
"how u doing",GREETING
"grows 10% for 2 years then falls 2% for 5 years",INVEST_PATTERN
"increase 5% for 3 years then drop 1% for 2 years",INVEST_PATTERN
"compound grows 12% then loses 4% next year",INVEST_PATTERN
"rises 8% for 1 year then falls 3% for 2 years",INVEST_PATTERN
"asset grows 15% then declines 5% then grows 2%",INVEST_PATTERN
"grows 3% each year for 4 years then drops 2% for 1 year",INVEST_PATTERN
"compound pattern: +6% +6% -2% +1%",INVEST_PATTERN
"price goes up 20% for 2 years then down 10% for 3 years",INVEST_PATTERN
"sequence: +4% +4% +4% -1% -1%",INVEST_PATTERN
"grows 2% monthly for 12 months then drops 5%",INVEST_PATTERN
"pattern: +10% then -3% then +2% then -1%",INVEST_PATTERN
"grows 7% for 3 years then falls 2% for 4 years",INVEST_PATTERN
"investment pattern: +5% +5% -2% -2% +3%",INVEST_PATTERN
"rises 9% first year then -6% next two years",INVEST_PATTERN
"pattern: +12% then -8% then +4%",INVEST_PATTERN
"grows 6% for 2 years then falls 1% for 3 years",INVEST_PATTERN
"compound pattern: +3% +3% +3% -2% -2%",INVEST_PATTERN
"grows 1% monthly for 6 months then drops 0.5%",INVEST_PATTERN
"pattern: +2% +2% -1% +2% -1%",INVEST_PATTERN
"grows 20% first year then -10% second year",INVEST_PATTERN
"pattern: +7% +7% -3% -3% +2%",INVEST_PATTERN
"I have around 200 euro now. It grew at 10% for 2 years. Then for 5 years it fell 2%. What will I have after 10 years if it sees a similar pattern",INVEST_PATTERN
"+5% for 3 years, then -1% for 2 years, then +8% for 4 years",INVEST_PATTERN
"my investment grows 4% for 2 years then drops 3% for 1 year then grows 6% for 3 years",INVEST_PATTERN
"200 euro grows 10% for 1 year then 5% for 1 year then 2% for 1 year",INVEST_PATTERN
"pattern: +3% for 2 years, -2% for 2 years, +7% for 3 years",INVEST_PATTERN
"investment rises 6% for 4 years then falls 1% for 2 years",INVEST_PATTERN
"my money grows then falls then grows again",INVEST_PATTERN
"it increases for a while then drops a bit then increases again",INVEST_PATTERN
"first it grows, then it declines, then it grows again",INVEST_PATTERN
"similar pattern repeats every few years",INVEST_PATTERN
"repeat the same pattern for the remaining years",INVEST_PATTERN
"apply the pattern again",INVEST_PATTERN
"continue the growth and decline pattern",INVEST_PATTERN
"the investment cycles between growth and decline",INVEST_PATTERN
"it grows again after falling",INVEST_PATTERN
"growth then decline then growth pattern",INVEST_PATTERN
"multi stage investment pattern",INVEST_PATTERN
"pattern based investment calculation",INVEST_PATTERN
"calculate based on the described pattern",INVEST_PATTERN
"follow the same pattern for the remaining years",INVEST_PATTERN
"how much should I invest to get 7000 euro after 2 years",INVEST_REQUIRED_PRINCIPAL
"how much principal gives 10000 after 3 years at 4 percent",INVEST_REQUIRED_PRINCIPAL
"what principal do I need to end up with 15000 in 5 years at 6%",INVEST_REQUIRED_PRINCIPAL
"need to know how much to invest now to have 20k in 10 years at 4%",INVEST_REQUIRED_PRINCIPAL
"calculate required principal for 8000 after 6 years at 5 percent",INVEST_REQUIRED_PRINCIPAL
"what principal yields 500 after 1 year at 10%",INVEST_REQUIRED_PRINCIPAL
"how much do I need to invest to get 25000 in 15 years at 5%",INVEST_REQUIRED_PRINCIPAL
"how much should i put in now to have 10k in 3 years at 2%",INVEST_REQUIRED_PRINCIPAL
"required principal for 4000 after 4 years at 3 percent",INVEST_REQUIRED_PRINCIPAL
"how much to invest to reach 1,200 in 2 years at 3%",INVEST_REQUIRED_PRINCIPAL
"what principal gives 9000 after 7 years at 6 percent",INVEST_REQUIRED_PRINCIPAL
"how much should i invest to get 3000 in 4 years at 4%",INVEST_REQUIRED_PRINCIPAL
"required principal to reach 6000 in 8 years at 5 percent",INVEST_REQUIRED_PRINCIPAL
"how much to invest now to have 500 in 6 months at 2%",INVEST_REQUIRED_PRINCIPAL
"what principal needed for 12000 after 9 years at 4%",INVEST_REQUIRED_PRINCIPAL
"how much should i invest to get 4500 after 3 years at 3%",INVEST_REQUIRED_PRINCIPAL
"required principal for 7000 in 5 years at 4 percent",INVEST_REQUIRED_PRINCIPAL
"how much to invest now to get 18k in 12 years at 5%",INVEST_REQUIRED_PRINCIPAL
"what principal yields 2,500 after 2 years at 4 percent",INVEST_REQUIRED_PRINCIPAL
"how much should i invest to get 3500 after 5 years at 3%",INVEST_REQUIRED_PRINCIPAL
"required principal to reach 16000 in 10 years at 6 percent",INVEST_REQUIRED_PRINCIPAL
"how much should I invest to get 7000 euro after 2 years at 10%",INVEST_REQUIRED_PRINCIPAL
"how much do I need to invest today to have 10000 euro in 5 years at 8%",INVEST_REQUIRED_PRINCIPAL
"what principal is needed to reach 5000 euro in 3 years at 6%",INVEST_REQUIRED_PRINCIPAL
"how much money must I put in to get 2000 euro after 4 years at 7%",INVEST_REQUIRED_PRINCIPAL
"how much initial investment to reach 3000 euro in 10 years at 5%",INVEST_REQUIRED_PRINCIPAL
"how much should I invest now to get 1500 euro in 2 years at 12%",INVEST_REQUIRED_PRINCIPAL
"required principal for 8000 euro in 6 years at 9%",INVEST_REQUIRED_PRINCIPAL
"how much do I need to start with to reach 4000 euro in 8 years at 4%",INVEST_REQUIRED_PRINCIPAL
"what starting amount gives 10000 euro in 10 years at 3%",INVEST_REQUIRED_PRINCIPAL
"how much initial capital for 20000 euro in 15 years at 5%",INVEST_REQUIRED_PRINCIPAL
"how much should I put in to get 500 euro in 1 year at 10%",INVEST_REQUIRED_PRINCIPAL
"required investment for 6000 euro in 7 years at 6%",INVEST_REQUIRED_PRINCIPAL
"how much do I need to invest to reach 9000 euro in 9 years at 8%",INVEST_REQUIRED_PRINCIPAL
"what principal yields 2500 euro in 3 years at 11%",INVEST_REQUIRED_PRINCIPAL
"how much initial amount for 12000 euro in 12 years at 4%",INVEST_REQUIRED_PRINCIPAL
"what is the required investment to have 6000 euro in 2 years at 5%",INVEST_REQUIRED_PRINCIPAL
"how much do I need to invest to get 6000 euro in 2 years",INVEST_REQUIRED_PRINCIPAL
"how much initial money to reach 6000 euro in 2 years",INVEST_REQUIRED_PRINCIPAL
"required investment for 6000 euro in 2 years",INVEST_REQUIRED_PRINCIPAL
"invest 2000 at 4% then how much will I get after 10 years",INVEST_SIMPLE
"if I invest 2000 at 4% then after 10 years how much will I get",INVEST_SIMPLE
"if I invest 2000 in a fund with returns of 4% then after 10 years how much will I get",INVEST_SIMPLE
"how much will I get after 10 years if I invest 2000 at 4 percent",INVEST_SIMPLE
"how much will my 2000 grow in 10 years at 4%",INVEST_SIMPLE
"what will 2000 become after 10 years at 4%",INVEST_SIMPLE
"2000 at 4% for 10 years how much will it be",INVEST_SIMPLE
"principal 2000 rate 4% years 10",INVEST_SIMPLE
"principal is 2000 rate is 4% and years is 10",INVEST_SIMPLE
"principal 2000 rate 4 percent time 10 years",INVEST_SIMPLE
"if I invest 2000 euro at 5% for 10 years",INVEST_SIMPLE
"I put 5000 euros at 3% simple interest for 4 years",INVEST_SIMPLE
"invested 1500 at 7 percent for 2 years",INVEST_SIMPLE
"I invest 1000 at 2% for 3 years simple interest",INVEST_SIMPLE
"if i invest 750 at 4 percent for 8 years",INVEST_SIMPLE
"i invest 300 at 1.5% for 12 months",INVEST_SIMPLE
"invest 2000 at 3.5 percent simple interest for 5 years",INVEST_SIMPLE
"i put 1200 at 2% simple for 2 years",INVEST_SIMPLE
"if I invest 2000 in a fund with returns of 4% then after 10 years how much will I get",INVEST_SIMPLE
"if I invest X in a fund with returns of Y% then after Z years how much will I get",INVEST_SIMPLE
"how much will I get if I invest 2000 at 4% for 10 years",INVEST_SIMPLE
"how much will I have after 10 years if I invest 2000 at 4 percent",INVEST_SIMPLE
"what will I get after 10 years if I invest 2000 at 4%",INVEST_SIMPLE
"if I put 2000 in a fund earning 4% for 10 years what will it become",INVEST_SIMPLE
"how much will my investment of 2000 grow in 10 years at 4%",INVEST_SIMPLE
"principal is 2000 rate is 4% and years is 10",INVEST_SIMPLE
"principal 2000 rate 4% years 10",INVEST_SIMPLE
"principal 2000 rate 4 percent time 10 years",INVEST_SIMPLE
"principal is X rate is Y years is Z",INVEST_SIMPLE
"invested 600 at 5% for 6 years",INVEST_SIMPLE
"i invest 4000 at 2.5% for 3 years",INVEST_SIMPLE
"invest 50 at 10% for 1 year",INVEST_SIMPLE
"i invest 2500 at 4% for 10 years simple interest",INVEST_SIMPLE
"invest 100 at 1% for 5 years",INVEST_SIMPLE
"i invest 800 at 3% for 2 years",INVEST_SIMPLE
"invest 3500 at 5% for 7 years",INVEST_SIMPLE
"i invest 900 at 2% for 4 years",INVEST_SIMPLE
"invest 2200 at 6% for 3 years",INVEST_SIMPLE
"i invest 1600 at 3% for 5 years",INVEST_SIMPLE
"invest 420 at 2% for 3 years",INVEST_SIMPLE
"i invest 700 at 4% for 2 years",INVEST_SIMPLE
"invest 1300 at 5% for 4 years",INVEST_SIMPLE
"if I invest 2000 euro at 5% for 10 years what will I have",INVEST_SIMPLE
"what will I have after 3 years if I invest 500 euro at 7%",INVEST_SIMPLE
"how much will 1000 euro become after 4 years at 8%",INVEST_SIMPLE
"investing 3000 euro at 6% for 5 years gives what amount",INVEST_SIMPLE
"what is the future value of 2500 euro at 4% for 12 years",INVEST_SIMPLE
"how much will my 800 euro grow in 10 years at 5%",INVEST_SIMPLE
"calculate the amount after 6 years for 1200 euro at 9%",INVEST_SIMPLE
"what will be the value of 1500 euro after 7 years at 3%",INVEST_SIMPLE
"how much will 400 euro become in 2 years at 10%",INVEST_SIMPLE
"what is the result of investing 900 euro at 11% for 4 years",INVEST_SIMPLE
"how much will 200 euro grow in 5 years at 12%",INVEST_SIMPLE
"what is the compound amount of 100 euro at 20% for 3 years",INVEST_SIMPLE
"future value of 500 euro at 15% for 2 years",INVEST_SIMPLE
"how much will 50 euro become in 10 years at 10%",INVEST_SIMPLE
"calculate 700 euro at 8% for 9 years",INVEST_SIMPLE
"what will 600 euro be worth after 6 years at 5%",INVEST_SIMPLE
"how much will 10000 euro become in 1 year at 2%",INVEST_SIMPLE
"principal is 2000 rate is 4% and year is 10",INVEST_SIMPLE
"principal 2000 rate 4% years 10",INVEST_SIMPLE
"principal 2000 rate 4 percent time 10 years",INVEST_SIMPLE
"principal is X rate is Y years is Z",INVEST_SIMPLE
"principal is 2000 rate is 4% year is 10",INVEST_SIMPLE
"what is the amount after 3 years for 200 euro at 4%",INVEST_SIMPLE
"how much will 250 euro grow in 8 years at 7%",INVEST_SIMPLE
"calculate the future value of 300 euro at 9% for 3 years",INVEST_SIMPLE
"how long will it take to reach 5000 euro",INVEST_YEARS
"how many years to double 2500 at 5%",INVEST_YEARS
"how long until my 3000 becomes 6000 at 8% annually",INVEST_YEARS
"how many years to reach 12000 from 5000 at 6%?",INVEST_YEARS
"time to reach 1 million from 100k at 7% yearly",INVEST_YEARS
"how long until 200 becomes 1000 at 10% interest",INVEST_YEARS
"years to reach 50k from 20k at 4% annually",INVEST_YEARS
"how many years until 8000 from 2000 at 12%",INVEST_YEARS
"time to reach 250k from 50k at 9% annually",INVEST_YEARS
"how long to reach 10k from 1k at 20% per year",INVEST_YEARS
"years needed to reach 30k from 10k at 7% interest",INVEST_YEARS
"how many years to reach 20000 from 5000 at 10%",INVEST_YEARS
"time to reach 75k from 25k at 6% annually",INVEST_YEARS
"how long until 4000 from 1000 at 15% yearly",INVEST_YEARS
"years to reach 200k from 50k at 8% interest",INVEST_YEARS
"how many years to reach 9000 from 3000 at 7%",INVEST_YEARS
"time to reach 40k from 10k at 10% annually",INVEST_YEARS
"how long until 15000 from 5000 at 12% yearly",INVEST_YEARS
"years to reach 60k from 20k at 8% interest",INVEST_YEARS
"how many years to reach 20k from 2k at 25% per year",INVEST_YEARS
"time to reach 90k from 30k at 7% annually",INVEST_YEARS
"how long will it take to grow 2000 euro to 5000 euro at 6%",INVEST_YEARS
"how many years to reach 10000 euro from 3000 euro at 9%",INVEST_YEARS
"how long until 400 euro becomes 800 euro at 7%",INVEST_YEARS
"years needed for 1000 euro to reach 2000 euro at 5%",INVEST_YEARS
"how long to double 500 euro at 8%",INVEST_YEARS
"how long until 300 euro becomes 900 euro at 12%",INVEST_YEARS
"how many years to reach 1500 euro from 200 euro at 10%",INVEST_YEARS
"how long does it take for 100 euro to reach 1000 euro at 15%",INVEST_YEARS
"years required for 2000 euro to reach 3000 euro at 4%",INVEST_YEARS
"how long to reach 5000 euro from 1000 euro at 6%",INVEST_YEARS
"how long until 50 euro becomes 200 euro at 20%",INVEST_YEARS
"how many years to triple 100 euro at 9%",INVEST_YEARS
"how long to reach 700 euro from 100 euro at 11%",INVEST_YEARS
"years needed for 400 euro to reach 1600 euro at 14%",INVEST_YEARS
"how long until 250 euro becomes 500 euro at 5%",INVEST_YEARS
"good to see you",OTHER
"what's up",OTHER
"thanks",OTHER
"bye",OTHER
"what can you do",OTHER
"who are you",OTHER
"tell me something",OTHER
"thanks",OTHER
"ok",OTHER
"continue",OTHER
"what do you mean",OTHER
"explain yourself",OTHER
"interesting",OTHER
"cool",OTHER
"nice",OTHER
"alright",OTHER
"carry on",OTHER
"go on",OTHER
"okay",OTHER
"hm",OTHER
"what else",OTHER
maybe,OTHER
idk,OTHER
hmm,OTHER
nah,OTHER
not sure,OTHER
"yes",QUIZ_CONTINUE
"yes please",QUIZ_CONTINUE
"sure",QUIZ_CONTINUE
"yeah",QUIZ_CONTINUE
"yup",QUIZ_CONTINUE
"another",QUIZ_CONTINUE
"another one",QUIZ_CONTINUE
"next",QUIZ_CONTINUE
"next one",QUIZ_CONTINUE
"give me another",QUIZ_CONTINUE
"give me one more",QUIZ_CONTINUE
"no",QUIZ_STOP
"no thanks",QUIZ_STOP
"stop",QUIZ_STOP
"stop please",QUIZ_STOP
"not now",QUIZ_STOP
"maybe later",QUIZ_STOP
"Prove that the determinant of a product AB equals det(A)det(B)",ADVANCED_MATH
"Find the eigenvectors of the matrix [[2,1],[1,2]]",ADVANCED_MATH
"Compute the characteristic polynomial of [[3,0],[0,5]]",ADVANCED_MATH
"Is the matrix [[1,2],[3,6]] invertible? Explain why",ADVANCED_MATH
"Find an orthonormal basis using Gram-Schmidt for vectors (1,1,0) and (1,0,1)",ADVANCED_MATH
"Diagonalise the matrix [[6,2],[2,6]]",ADVANCED_MATH
"Find the rank and nullity of [[1,2,3],[2,4,6],[1,1,1]]",ADVANCED_MATH
"Compute the LU decomposition of [[4,3],[6,3]]",ADVANCED_MATH
"Find the singular values of [[3,0],[0,2]]",ADVANCED_MATH
"Determine whether the vectors (1,2,3), (2,4,6), (1,1,1) are linearly independent",ADVANCED_MATH
"Differentiate (x^2 + 3x + 1) / (x - 1)",ADVANCED_MATH
"Find d/dx of ln(x^2 + 1)",ADVANCED_MATH
"Compute the derivative of e^(3x) sin(x)",ADVANCED_MATH
"Integrate x e^x dx",ADVANCED_MATH
"Evaluate ∫ (1 / (1 + x^2)) dx",ADVANCED_MATH
"Compute ∫ x sqrt(x^2 + 1) dx",ADVANCED_MATH
"Find the limit as x→∞ of (3x^2 + 1)/(x^2 - 5)",ADVANCED_MATH
"Find the Taylor series of sin(x) around x=0",ADVANCED_MATH
"Evaluate the improper integral ∫₀^∞ e^{-x} dx",ADVANCED_MATH
"Compute the second derivative of x^3 e^x",ADVANCED_MATH
"Compute the gradient of f(x,y,z)=x^2+y^2+z^2",ADVANCED_MATH
"Find the divergence of F=(x^2, yz, z^2)",ADVANCED_MATH
"Compute the curl of F=(y, z, x)",ADVANCED_MATH
"Evaluate the line integral ∮C (y dx + x dy) around the unit circle",ADVANCED_MATH
"Use Stokes' theorem to evaluate ∮C F·dr for F=(z,0,x)",ADVANCED_MATH
"Compute the flux of F=(x,y,z) through the unit sphere",ADVANCED_MATH
"Prove that the determinant of a product AB equals det(A)det(B)",ADVANCED_MATH
"Find the eigenvectors of the matrix [[2,1],[1,2]]",ADVANCED_MATH
"Compute the characteristic polynomial of [[3,0],[0,5]]",ADVANCED_MATH
"Is the matrix [[1,2],[3,6]] invertible? Explain why",ADVANCED_MATH
"Find an orthonormal basis using Gram-Schmidt for vectors (1,1,0) and (1,0,1)",ADVANCED_MATH
"Diagonalise the matrix [[6,2],[2,6]]",ADVANCED_MATH
"Find the rank and nullity of [[1,2,3],[2,4,6],[1,1,1]]",ADVANCED_MATH
"Compute the LU decomposition of [[4,3],[6,3]]",ADVANCED_MATH
"Find the singular values of [[3,0],[0,2]]",ADVANCED_MATH
"Determine whether the vectors (1,2,3), (2,4,6), (1,1,1) are linearly independent",ADVANCED_MATH
"Prove that a continuous function on a closed interval is bounded",ADVANCED_MATH
"Show that the sequence a_n = 1/n converges to 0",ADVANCED_MATH
"Prove that the limit of sin(x)/x as x→0 is 1",ADVANCED_MATH
"Determine whether the series Σ 1/n^2 converges",ADVANCED_MATH
"Show that every Cauchy sequence in R is convergent",ADVANCED_MATH
"Prove that the derivative of e^x is e^x",ADVANCED_MATH
"Prove that the set of integers under addition is a group",ADVANCED_MATH
"Is the set of nonzero real numbers under multiplication a group?",ADVANCED_MATH
"Find all subgroups of Z_12",ADVANCED_MATH
"Determine whether the polynomial x^2 + 1 is irreducible over the reals",ADVANCED_MATH
"Compute the order of element 3 in Z_7",ADVANCED_MATH
"Show that matrix multiplication is not commutative",ADVANCED_MATH
"Compute the complex integral ∮ |z|=1 (1/z) dz",ADVANCED_MATH
"Find the residue of 1/(z^2+1) at z=i",ADVANCED_MATH
"Determine whether f(z)=|z|^2 is analytic",ADVANCED_MATH
"Use Cauchy's integral formula to compute f(0) for f(z)=1/(1−z)",ADVANCED_MATH
"State and prove the Fundamental Theorem of Calculus",ADVANCED_MATH
"Explain the meaning of the Rank-Nullity Theorem",ADVANCED_MATH
"State the Spectral Theorem and give an example",ADVANCED_MATH
"Explain the difference between uniform and pointwise convergence",ADVANCED_MATH
"State the Mean Value Theorem and provide a proof",ADVANCED_MATH
"Find the eigenvalues of [[7,2],[2,7]]",ADVANCED_MATH
"Compute the eigenvectors of [[4,1],[1,4]]",ADVANCED_MATH
"Student attempt: eigenvalues of [[3,1],[1,3]] are 3±1? is that right?",ADVANCED_MATH
"Is the matrix [[1,2],[3,4]] diagonalizable? Explain",ADVANCED_MATH
"Find the rank and nullity of [[1,2,3],[2,4,6],[1,1,1]]",ADVANCED_MATH
"Student mistake: I think rank of [[1,2],[2,4]] is 2 because two rows exist",ADVANCED_MATH
"Perform Gram-Schmidt on (1,1,0), (1,0,1), (0,1,1)",ADVANCED_MATH
"Compute the SVD of [[5,0],[0,2]]",ADVANCED_MATH
"Find the determinant of a 3×3 matrix using cofactor expansion",ADVANCED_MATH
"Prove that det(AB)=det(A)det(B)",ADVANCED_MATH
"Differentiate (x^3 + 2x)/(x−1)",ADVANCED_MATH
"Student attempt: derivative of x^2 is 2, right?",ADVANCED_MATH
"Find d/dx of e^(2x) sin(x)",ADVANCED_MATH
"Compute ∫ x ln(x) dx using integration by parts",ADVANCED_MATH
"Evaluate ∫ (3x)/(x^2+1) dx",ADVANCED_MATH
"Find the limit as x→0 of (tan x)/x",ADVANCED_MATH
"Student mistake: ∫ 1/x dx = 1/(x^2) ???",ADVANCED_MATH
"Compute the second derivative of x^2 e^x",ADVANCED_MATH
"Find the Taylor series of ln(1+x) around 0",ADVANCED_MATH
"Evaluate the improper integral ∫₁^∞ 1/x^2 dx",ADVANCED_MATH
"Prove that every convergent sequence is Cauchy",ADVANCED_MATH
"Show that the sequence a_n = (−1)^n / n converges",ADVANCED_MATH
"Student attempt: limit of 1/n is 1 because numerator is 1",ADVANCED_MATH
"Prove that continuous functions on compact sets are bounded",ADVANCED_MATH
"Determine whether Σ 1/(n ln n) converges",ADVANCED_MATH
"Explain uniform vs pointwise convergence with examples",ADVANCED_MATH
"Prove that sin(x)/x → 1 as x→0",ADVANCED_MATH
"List all subgroups of Z_18",ADVANCED_MATH
"Is (R\{0}, ×) a group? Explain",ADVANCED_MATH
"Student mistake: Z_6 is a field because it has 6 elements",ADVANCED_MATH
"Find the order of 5 in Z_12",ADVANCED_MATH
"Prove that matrix multiplication is not commutative",ADVANCED_MATH
"Determine whether x^2+1 is irreducible over Q",ADVANCED_MATH
"Compute the gradient of f(x,y,z)=x^2yz + z^3",ADVANCED_MATH
"Find the divergence of F=(xy, yz, zx)",ADVANCED_MATH
"Compute the curl of F=(y, z, x)",ADVANCED_MATH
"Evaluate ∮C (x dy − y dx) around the unit circle",ADVANCED_MATH
"Use Stokes' theorem to compute ∮C F·dr for F=(z,0,x)",ADVANCED_MATH
"Compute ∮ |z|=1 (1/z) dz",ADVANCED_MATH
"Find the residue of 1/(z^2+4) at z=2i",ADVANCED_MATH
"Student mistake: |z|^2 is analytic because it has x^2+y^2",ADVANCED_MATH
"Use Cauchy's integral formula to compute f(0) for f(z)=1/(1−z)",ADVANCED_MATH
"Explain step-by-step how to diagonalize a symmetric matrix",ADVANCED_MATH
"Show the reasoning to compute ∫ x e^x dx using integration by parts",ADVANCED_MATH
"Walk through the logic of proving the Mean Value Theorem",ADVANCED_MATH
"Give the full reasoning to find eigenvalues of a 3×3 matrix",ADVANCED_MATH
"Explain each step in computing the curl of F=(yz, xz, xy)",ADVANCED_MATH
"Show the reasoning behind finding the Taylor series of sin(x)",ADVANCED_MATH
"I think derivative of sin(x) is cos(x^2)?",ADVANCED_MATH
"Is ∫ x dx = 1/x ?",ADVANCED_MATH
"Eigenvalues of [[1,2],[3,4]] are 1 and 4 because diagonal",ADVANCED_MATH
"Limit of (1+1/n)^n is 1 because 1+1/n→1",ADVANCED_MATH
"Matrix [[1,2],[2,4]] is invertible because numbers are nonzero",ADVANCED_MATH
"Series Σ 1/n^2 diverges because terms don't go to zero fast enough",ADVANCED_MATH
"State and prove the Fundamental Theorem of Calculus",ADVANCED_MATH
"Explain the Rank-Nullity Theorem with an example",ADVANCED_MATH
"State the Spectral Theorem and show a simple application",ADVANCED_MATH
"Prove the Cauchy-Schwarz inequality",ADVANCED_MATH
"Explain the Heine-Borel theorem in R",ADVANCED_MATH







